INSERT INTO transaction_type (transaction_type_id, transaction_type)
VALUES (1, 'Income'),
       (2, 'Expense');

INSERT INTO occurrence(occurrence_id, occurrence)
VALUES (1, 'Specific Date'),
       (2, 'End of Month'),
       (3, 'First of Month'),
       (4, 'Monday'),
       (5, 'Tuesday'),
       (6, 'Wednesday'),
       (7, 'Thursday'),
       (8, 'Friday'),
       (9, 'Saturday'),
       (10, 'Sunday');

INSERT INTO budget_sub_category (budget_sub_category_id, sub_category_name)
VALUES (1, 'Income'),
       (2, 'Housing'),
       (3, 'Utilities'),
       (4, 'Credit Card'),
       (5, 'Health'),
       (6, 'Banking'),
       (7, 'Food/Beverage'),
       (8, 'Gas/Automotive'),
       (9, 'Household/Supplies'),
       (10, 'Entertainment'),
       (11, 'Education'),
       (12, 'Gifts and Contributions'),
       (13, 'Personal'),
       (14, 'Business'),
       (15, 'Taxes'),
       (16, 'Miscellaneous'),
       (17, 'Savings'),
       (18, 'Generic');

INSERT INTO transaction_category (transaction_category_id, category_name, budget_sub_category_id)
VALUES (1, 'Paycheck', 1),
       (2, 'Other Income', 1),
       (3, 'Rent/Mortgage', 2),
       (4, 'Cable/Internet', 3),
       (5, 'Cable', 3),
       (6, 'Satellite', 3),
       (7, 'Internet', 3),
       (8, 'Electricity', 3),
       (9, 'Oil', 3),
       (10, 'Water', 3),
       (11, 'Telephone', 3),
       (12, 'Garbage Pickup', 3),
       (13, 'Cell Phone', 3),
       (14, 'Payment/Credit', 4),
       (15, 'Interest', 4),
       (16, 'Annual Fee', 4),
       (17, 'Finance Charge', 4),
       (18, 'Over the Limit Fee', 4),
       (19, 'Minimum Usage Fee', 4),
       (20, 'Cash Advance Fee', 4),
       (21, 'Late Fee', 4),
       (22, 'Rewards Program', 4),
       (23, 'Health Insurance', 5),
       (24, 'Dental Insurance', 5),
       (25, 'Medical and Hospital Costs', 5),
       (26, 'Doctor/Dentist', 5),
       (27, 'Medicine', 5),
       (28, 'Glasses', 5);

INSERT INTO transaction_category (transaction_category_id, category_name, budget_sub_category_id)
VALUES (29, 'Hearing Aids', 5),
       (30, 'First Aid Supplies', 5),
       (31, 'Treatment and Therapy', 5),
       (32, 'Fitness Club Membership', 5),
       (33, 'Investments', 17),
       (34, 'Emergency Fund', 17),
       (35, 'Retirement', 17),
       (36, 'Interest', 6),
       (37, 'Banking Fees', 6),
       (38, 'Groceries', 7),
       (39, 'Dining', 7),
       (40, 'Liquor/Beer', 7),
       (41, 'Snacks, Coffee Breaks', 7),
       (42, 'School Lunch', 7),
       (43, 'Work Lunch', 7),
       (44, 'Home Food Production', 7),
       (45, 'Gas', 8),
       (46, 'Insurance', 8),
       (47, 'Maintenance', 8),
       (48, 'Supplies/Tools', 8),
       (49, 'Licensing Fees', 8),
       (50, 'Taxi', 8),
       (51, 'Bus/Subway/Train', 8),
       (52, 'Parking', 8),
       (53, 'Tolls', 8),
       (54, 'Laundry Supplies', 9),
       (55, 'Cleaning Supplies', 9),
       (56, 'Furniture', 9),
       (57, 'Appliances', 9),
       (58, 'Dishes and Cutlery', 9),
       (59, 'Cooking Supplies', 9),
       (60, 'Linens', 9),
       (61, 'Soap and Shampoo', 9),
       (62, 'Facial Tissue', 9),
       (63, 'Yard Maintenance', 9),
       (64, 'House Repairs', 9),
       (65, 'Home Project Supplies', 9),
       (66, 'Safety Deposit Box Rental', 9),
       (67, 'Yard Improvement and Supplies', 9),
       (68, 'Books', 10),
       (69, 'Magazines', 10),
       (70, 'Movie Theater', 10),
       (71, 'Video Streaming/Rental/Pay Per View', 10),
       (72, 'Sports/Games', 10),
       (73, 'Sporting Events', 10),
       (74, 'Sporting Goods', 10),
       (75, 'Concerts', 10),
       (76, 'Music', 10),
       (77, 'Cultural Events', 10),
       (78, 'Video Games', 10),
       (79, 'Toys', 10),
       (80, 'Tourist Attractions', 10),
       (81, 'Electronics', 10),
       (82, 'Tuition', 11),
       (83, 'Books', 11),
       (84, 'Stationary', 11),
       (85, 'Courses/Lessons', 11),
       (86, 'Gifts', 12),
       (87, 'Cards and Wrapping Paper', 12),
       (88, 'Flowers', 12),
       (89, 'Charitable Donations', 12),
       (90, 'Haircuts', 13),
       (91, 'Beauty Shop', 13),
       (92, 'Cosmetics', 13),
       (93, 'Toiletries', 13),
       (94, 'Shaving Supplies', 13),
       (95, 'Clothing', 13),
       (96, 'Alterations', 13),
       (97, 'Cleaning', 13),
       (98, 'Miscellaneous', 13),
       (99, 'Attire', 14),
       (100, 'Office Supplies', 14),
       (101, 'Software', 14),
       (102, 'State Income Tax', 15),
       (103, 'Federal Income Tax', 15),
       (104, 'Social Security Tax', 15),
       (105, 'Medicare Tax', 15),
       (106, 'Investment Tax', 15),
       (107, 'Tax Fees', 15),
       (108, 'Software', 15),
       (109, 'Vacation', 16),
       (110, 'Unknown', 16),
       (111, 'Other', 16),
       (112, 'Transfer', 6);

INSERT INTO recurring_transaction (recurring_transaction_id, name, account_id, budget_category_id,
                                   frequency_type_id, frequency, occurrence_id,
                                   transaction_category_id, transaction_type_id, start_date,
                                   end_date, amount)
VALUES (1, 'Plex', 1, 10, 2, 1, 1, 70, 2, '2017-01-04', NULL, 3.99),
       (2, 'Netflix', 5, 10, 2, 1, 1, 70, 2, '2018-06-19', '2018-11-19', 7.99),
       (3, 'Adobe', 4, 14, 2, 1, 1, 100, 2, '2018-06-19', NULL, 20.39);

INSERT INTO transaction (account_id, budget_id, transaction_category_id, transaction_type_id,
                         recurring_transaction_id, transaction_date, description, amount)
VALUES (5, 8, 44, 2, NULL, '2017-02-19', '7-ELEVEN', -15.25),
       (4, 14, 100, 2, 3, '2018-06-19', 'ADOBE', -20.39),
       (4, 14, 100, 2, 3, '2018-07-19', 'ADOBE', -20.39),
       (5, 14, 100, 2, 3, '2018-08-19', 'ADOBE', -20.39),
       (4, 14, 100, 2, 3, '2018-09-20', 'ADOBE', -20.39),
       (5, 14, 100, 2, 3, '2018-10-19', 'ADOBE', -20.39),
       (4, 14, 100, 2, 3, '2018-11-19', 'ADOBE', -20.39),
       (5, 24, 109, 2, NULL, '2017-01-02', 'AMAZON MKTPLACE PMTS', -9.99),
       (4, 24, 109, 2, NULL, '2017-02-20', 'AMAZON MKTPLACE PMTS', -23.99),
       (5, 24, 109, 2, NULL, '2017-02-25', 'AMAZON MKTPLACE PMTS', -43.96),
       (4, 24, 109, 2, NULL, '2017-03-06', 'AMAZON MKTPLACE PMTS', -66.58),
       (5, 24, 109, 2, NULL, '2017-03-15', 'AMAZON MKTPLACE PMTS', -23.99),
       (4, 24, 109, 2, NULL, '2017-04-14', 'AMAZON MKTPLACE PMTS', -7.99),
       (5, 24, 109, 2, NULL, '2017-04-14', 'AMAZON MKTPLACE PMTS', -9.99),
       (5, 24, 109, 2, NULL, '2017-04-15', 'AMAZON MKTPLACE PMTS', -23.99),
       (4, 24, 109, 2, NULL, '2017-04-17', 'AMAZON MKTPLACE PMTS', -43.96),
       (5, 24, 109, 2, NULL, '2017-04-23', 'AMAZON MKTPLACE PMTS', -23.99),
       (4, 24, 109, 2, NULL, '2017-05-01', 'AMAZON MKTPLACE PMTS', -43.96),
       (5, 24, 109, 2, NULL, '2017-05-10', 'AMAZON MKTPLACE PMTS', -66.58),
       (4, 24, 109, 2, NULL, '2017-05-11', 'AMAZON MKTPLACE PMTS', -7.99),
       (5, 24, 109, 2, NULL, '2017-05-24', 'AMAZON MKTPLACE PMTS', -66.58),
       (4, 24, 109, 2, NULL, '2017-05-24', 'AMAZON MKTPLACE PMTS', -7.99),
       (5, 24, 109, 2, NULL, '2017-06-02', 'AMAZON MKTPLACE PMTS', -9.99),
       (4, 24, 109, 2, NULL, '2017-06-02', 'AMAZON MKTPLACE PMTS', -23.99),
       (4, 24, 109, 2, NULL, '2017-06-03', 'AMAZON MKTPLACE PMTS', -43.96),
       (5, 24, 109, 2, NULL, '2017-06-04', 'AMAZON MKTPLACE PMTS', -66.58),
       (4, 24, 109, 2, NULL, '2017-06-04', 'AMAZON MKTPLACE PMTS', -7.99),
       (4, 24, 109, 2, NULL, '2017-06-07', 'AMAZON MKTPLACE PMTS', -9.99),
       (5, 24, 109, 2, NULL, '2018-09-15', 'AMAZON MKTPLACE PMTS', -23.99),
       (5, 24, 109, 2, NULL, '2018-09-15', 'AMAZON MKTPLACE PMTS', -23.99),
       (5, 24, 109, 2, NULL, '2018-09-20', 'AMAZON MKTPLACE PMTS', -43.96),
       (4, 24, 109, 2, NULL, '2018-09-20', 'AMAZON MKTPLACE PMTS', -66.58),
       (5, 24, 109, 2, NULL, '2018-09-22', 'AMAZON MKTPLACE PMTS', -43.96),
       (5, 24, 109, 2, NULL, '2018-10-07', 'AMAZON MKTPLACE PMTS', -43.96),
       (4, 24, 109, 2, NULL, '2018-11-20', 'AMAZON MKTPLACE PMTS', -66.58),
       (5, 24, 109, 2, NULL, '2018-11-21', 'AMAZON MKTPLACE PMTS', -7.99),
       (4, 24, 109, 2, NULL, '2018-11-24', 'AMAZON MKTPLACE PMTS', -7.99),
       (4, 24, 109, 2, NULL, '2018-12-01', 'AMAZON MKTPLACE PMTS', -9.99),
       (5, 24, 109, 2, NULL, '2018-12-01', 'AMAZON MKTPLACE PMTS', -66.58),
       (4, 24, 109, 2, NULL, '2018-12-19', 'AMAZON MKTPLACE PMTS', -7.99),
       (4, 24, 109, 2, NULL, '2018-12-23', 'AMAZON MKTPLACE PMTS', -9.99),
       (5, 10, 110, 2, NULL, '2017-01-28', 'AmazonPrime Membership', -99),
       (5, 30, 38, 2, NULL, '2018-03-23', 'APPLEBEES', -23.44),
       (4, 15, 67, 2, NULL, '2017-06-07', 'Audible', -22.95),
       (5, 30, 37, 2, NULL, '2018-12-12', 'BEACH PEA BAKING CO', -5.25),
       (4, 24, 80, 2, NULL, '2018-10-15', 'BEST BUY ', -39.99),
       (4, 30, 38, 2, NULL, '2018-10-10', 'BINGAS STADIUM SMOKEH', -37.53),
       (5, 30, 38, 2, NULL, '2017-03-28', 'BREWERY', -25.76),
       (5, 30, 38, 2, NULL, '2018-12-18', 'Brewery', -11),
       (5, 30, 38, 2, NULL, '2017-01-01', 'BULL FEENEYS', -47),
       (4, 3, 45, 2, NULL, '2017-01-24', 'CAR INSURANCE', -92.52),
       (5, 3, 45, 2, NULL, '2017-02-15', 'CAR INSURANCE', -92.5),
       (4, 3, 45, 2, NULL, '2017-03-18', 'CAR INSURANCE', -92.5),
       (4, 3, 45, 2, NULL, '2017-04-22', 'CAR INSURANCE', -92.5),
       (4, 3, 45, 2, NULL, '2017-05-23', 'CAR INSURANCE', -92.5),
       (4, 3, 45, 2, NULL, '2017-06-19', 'CAR INSURANCE', -92.48),
       (5, 3, 45, 2, NULL, '2018-08-27', 'CAR INSURANCE', -89.33),
       (4, 3, 45, 2, NULL, '2018-09-16', 'CAR INSURANCE', -89.33),
       (5, 3, 45, 2, NULL, '2018-11-05', 'CAR INSURANCE', -89.33),
       (5, 3, 45, 2, NULL, '2018-11-15', 'CAR INSURANCE', -89.33),
       (4, 3, 45, 2, NULL, '2018-12-15', 'CAR INSURANCE', -89.33),
       (4, 7, 37, 2, NULL, '2017-04-02', 'CARLS MEAT MARKET', -15.18),
       (4, 7, 37, 2, NULL, '2017-04-23', 'CARLS MEAT MARKET', -21.1),
       (5, 7, 37, 2, NULL, '2017-04-30', 'CARLS MEAT MARKET', -15.18),
       (5, 7, 37, 2, NULL, '2017-05-08', 'CARLS MEAT MARKET', -21.1),
       (5, 7, 37, 2, NULL, '2017-06-26', 'CARLS MEAT MARKET', -15.18),
       (5, 7, 37, 2, NULL, '2018-11-30', 'CARLS MEAT MARKET', -21.1),
       (4, 30, 38, 2, NULL, '2017-05-21', 'CHIPOTLE 1097', -11.67),
       (5, 30, 38, 2, NULL, '2018-10-12', 'CHIPOTLE 1097', -11.67),
       (4, 30, 38, 2, NULL, '2018-10-20', 'CHIPOTLE 1097', -8.89),
       (4, 30, 38, 2, NULL, '2018-12-05', 'CHIPOTLE 1097', -11.67),
       (5, 30, 38, 2, NULL, '2018-12-27', 'CHIPOTLE 1097', -8.89),
       (4, 24, 69, 2, NULL, '2018-12-30', 'CINEMAGIC AND IMAX SAC', -12),
       (4, 8, 44, 2, NULL, '2017-01-05', 'CIRCLE K', -20.5),
       (5, 8, 44, 2, NULL, '2017-01-17', 'CIRCLE K', -21.48),
       (5, 8, 44, 2, NULL, '2017-01-25', 'CIRCLE K', -19.07),
       (5, 8, 44, 2, NULL, '2017-03-10', 'CIRCLE K', -18.55),
       (5, 8, 44, 2, NULL, '2017-03-12', 'CIRCLE K', -10.84),
       (4, 8, 40, 2, NULL, '2017-03-12', 'CIRCLE K', -3.5),
       (5, 8, 44, 2, NULL, '2017-03-17', 'CIRCLE K', -20.6),
       (4, 8, 40, 2, NULL, '2017-03-19', 'CIRCLE K', -4.19),
       (4, 8, 44, 2, NULL, '2017-03-26', 'CIRCLE K', -16.91),
       (4, 8, 44, 2, NULL, '2017-04-06', 'CIRCLE K', -21.05),
       (5, 8, 44, 2, NULL, '2017-04-16', 'CIRCLE K', -20.59),
       (4, 8, 44, 2, NULL, '2017-04-30', 'CIRCLE K', -14.13),
       (4, 8, 40, 2, NULL, '2017-05-07', 'CIRCLE K', -6.86),
       (4, 8, 44, 2, NULL, '2017-05-18', 'CIRCLE K', -22.15),
       (4, 8, 40, 2, NULL, '2017-05-21', 'CIRCLE K', -3.88),
       (5, 8, 40, 2, NULL, '2017-05-22', 'CIRCLE K', -12),
       (4, 8, 44, 2, NULL, '2017-06-03', 'CIRCLE K', -24.91),
       (5, 8, 40, 2, NULL, '2017-06-03', 'CIRCLE K', -0.07),
       (4, 8, 44, 2, NULL, '2017-06-12', 'CIRCLE K', -18.49),
       (5, 8, 44, 2, NULL, '2018-03-15', 'CIRCLE K', -24.45),
       (5, 8, 44, 2, NULL, '2018-03-21', 'CIRCLE K', -18.87),
       (4, 8, 44, 2, NULL, '2018-03-21', 'CIRCLE K', -18.47),
       (4, 8, 44, 2, NULL, '2018-06-15', 'CIRCLE K', -25.06),
       (4, 8, 44, 2, NULL, '2018-09-09', 'CIRCLE K', -24.37),
       (5, 8, 44, 2, NULL, '2018-10-05', 'CIRCLE K', -18.31),
       (5, 8, 44, 2, NULL, '2018-10-13', 'CIRCLE K', -23.32),
       (5, 8, 44, 2, NULL, '2018-10-16', 'CIRCLE K', -18.01),
       (4, 8, 40, 2, NULL, '2018-10-16', 'CIRCLE K', -13.45),
       (5, 8, 44, 2, NULL, '2018-10-18', 'CIRCLE K', -17.64),
       (5, 8, 40, 2, NULL, '2018-10-25', 'CIRCLE K', -6.62),
       (5, 8, 44, 2, NULL, '2018-10-28', 'CIRCLE K', -27.27),
       (5, 8, 44, 2, NULL, '2018-11-07', 'CIRCLE K', -23.58),
       (5, 8, 44, 2, NULL, '2018-11-23', 'CIRCLE K', -12.05),
       (4, 8, 40, 2, NULL, '2018-11-23', 'CIRCLE K', -11.47),
       (4, 8, 40, 2, NULL, '2018-11-29', 'CIRCLE K', -8.67),
       (5, 8, 44, 2, NULL, '2018-12-07', 'CIRCLE K', -17.45),
       (5, 8, 44, 2, NULL, '2018-12-17', 'CIRCLE K', -21.99),
       (5, 8, 40, 2, NULL, '2017-04-06', 'CITY OF PORTSMOUTH Parking', -5),
       (5, 8, 40, 2, NULL, '2017-06-14', 'CITY OF PORTSMOUTH Parking', -2.5),
       (5, 8, 40, 2, NULL, '2017-06-27', 'CITY OF PORTSMOUTH Parking', -2.5),
       (4, 30, 38, 2, NULL, '2018-12-26', 'COAT OF ARMS, INC.', -18.25),
       (4, 5, 5, 2, NULL, '2017-01-09', 'COMCAST', -85),
       (5, 19, 16, 2, NULL, '2018-08-06', 'Credit Card Membership Fee', -59),
       (4, NULL, 14, 1, NULL, '2017-01-04', 'Credit Card Payment', 180),
       (4, NULL, 14, 1, NULL, '2017-01-07', 'Credit Card Payment', 150),
       (5, NULL, 14, 1, NULL, '2017-01-09', 'Credit Card Payment', 101.68),
       (5, NULL, 14, 1, NULL, '2017-01-12', 'Credit Card Payment', 148.5),
       (4, NULL, 14, 1, NULL, '2017-01-29', 'Credit Card Payment', 180),
       (4, NULL, 14, 1, NULL, '2017-02-10', 'Credit Card Payment', 150),
       (4, NULL, 14, 1, NULL, '2017-02-11', 'Credit Card Payment', 180),
       (4, NULL, 14, 1, NULL, '2017-02-12', 'Credit Card Payment', 150),
       (5, NULL, 14, 1, NULL, '2017-02-17', 'Credit Card Payment', 148.5),
       (5, NULL, 14, 1, NULL, '2017-02-26', 'Credit Card Payment', 180),
       (5, NULL, 14, 1, NULL, '2017-03-07', 'Credit Card Payment', 150),
       (4, NULL, 14, 1, NULL, '2017-03-14', 'Credit Card Payment', 180),
       (4, NULL, 14, 1, NULL, '2017-03-18', 'Credit Card Payment', 148.5),
       (5, NULL, 14, 1, NULL, '2017-03-21', 'Credit Card Payment', 150),
       (5, NULL, 14, 1, NULL, '2017-03-26', 'Credit Card Payment', 101.68),
       (5, NULL, 14, 1, NULL, '2017-04-04', 'Credit Card Payment', 148.5),
       (4, NULL, 14, 1, NULL, '2017-04-07', 'Credit Card Payment', 180),
       (5, NULL, 14, 1, NULL, '2017-04-10', 'Credit Card Payment', 101.68),
       (4, NULL, 14, 1, NULL, '2017-04-10', 'Credit Card Payment', 148.5),
       (4, NULL, 14, 1, NULL, '2018-01-14', 'Credit Card Payment', 180),
       (4, NULL, 14, 1, NULL, '2018-03-04', 'Credit Card Payment', 150),
       (4, NULL, 14, 1, NULL, '2018-03-18', 'Credit Card Payment', 101.68),
       (4, NULL, 14, 1, NULL, '2018-03-25', 'Credit Card Payment', 148.5),
       (5, NULL, 14, 1, NULL, '2018-04-06', 'Credit Card Payment', 180),
       (5, NULL, 14, 1, NULL, '2018-04-10', 'Credit Card Payment', 150),
       (5, NULL, 14, 1, NULL, '2018-05-28', 'Credit Card Payment', 148.5),
       (4, NULL, 14, 1, NULL, '2018-06-04', 'Credit Card Payment', 180),
       (5, NULL, 14, 1, NULL, '2018-07-01', 'Credit Card Payment', 150),
       (4, NULL, 14, 1, NULL, '2018-07-17', 'Credit Card Payment', 101.68),
       (5, NULL, 14, 1, NULL, '2018-07-18', 'Credit Card Payment', 148.5),
       (4, NULL, 14, 1, NULL, '2018-07-20', 'Credit Card Payment', 180),
       (4, NULL, 14, 1, NULL, '2018-08-04', 'Credit Card Payment', 148.5),
       (5, NULL, 14, 1, NULL, '2018-08-05', 'Credit Card Payment', 180),
       (4, NULL, 14, 1, NULL, '2018-08-05', 'Credit Card Payment', 150),
       (4, NULL, 14, 1, NULL, '2018-08-06', 'Credit Card Payment', 101.68),
       (4, NULL, 14, 1, NULL, '2018-08-07', 'Credit Card Payment', 148.5),
       (4, NULL, 14, 1, NULL, '2018-08-12', 'Credit Card Payment', 180),
       (4, NULL, 14, 1, NULL, '2018-08-19', 'Credit Card Payment', 101.68),
       (4, NULL, 14, 1, NULL, '2018-08-27', 'Credit Card Payment', 150),
       (4, NULL, 14, 1, NULL, '2018-09-02', 'Credit Card Payment', 101.68),
       (4, NULL, 14, 1, NULL, '2018-09-10', 'Credit Card Payment', 150),
       (4, NULL, 14, 1, NULL, '2018-09-14', 'Credit Card Payment', 180),
       (5, NULL, 14, 1, NULL, '2018-09-14', 'Credit Card Payment', 150),
       (4, NULL, 14, 1, NULL, '2018-09-15', 'Credit Card Payment', 101.68),
       (5, NULL, 14, 1, NULL, '2018-09-17', 'Credit Card Payment', 150),
       (4, NULL, 14, 1, NULL, '2018-09-18', 'Credit Card Payment', 101.68),
       (5, NULL, 14, 1, NULL, '2018-09-24', 'Credit Card Payment', 148.5),
       (4, NULL, 14, 1, NULL, '2018-10-02', 'Credit Card Payment', 101.68),
       (4, NULL, 14, 1, NULL, '2018-10-05', 'Credit Card Payment', 150),
       (4, NULL, 14, 1, NULL, '2018-10-09', 'Credit Card Payment', 180),
       (4, NULL, 14, 1, NULL, '2018-10-19', 'Credit Card Payment', 101.68),
       (5, NULL, 14, 1, NULL, '2018-11-06', 'Credit Card Payment', 150),
       (4, NULL, 14, 1, NULL, '2018-11-07', 'Credit Card Payment', 150),
       (4, NULL, 14, 1, NULL, '2018-11-20', 'Credit Card Payment', 148.5),
       (5, NULL, 14, 1, NULL, '2018-11-20', 'Credit Card Payment', 180),
       (5, NULL, 14, 1, NULL, '2018-11-25', 'Credit Card Payment', 150),
       (4, NULL, 14, 1, NULL, '2018-12-02', 'Credit Card Payment', 101.68),
       (4, NULL, 14, 1, NULL, '2018-12-07', 'Credit Card Payment', 148.5),
       (5, NULL, 14, 1, NULL, '2018-12-09', 'Credit Card Payment', 150),
       (5, NULL, 14, 1, NULL, '2018-12-15', 'Credit Card Payment', 101.68),
       (5, NULL, 14, 1, NULL, '2018-12-21', 'Credit Card Payment', 148.5),
       (5, 24, 72, 2, NULL, '2018-10-09', 'CUMBERLAND CTY CIVIC CTR/', -6),
       (4, 24, 72, 2, NULL, '2018-11-24', 'CUMBERLAND CTY CIVIC CTR/', -12),
       (5, 24, 97, 2, NULL, '2017-05-08', 'CVS/PHARMACY', -13.98),
       (5, 24, 97, 2, NULL, '2018-12-23', 'CVS/PHARMACY', -5.08),
       (5, 30, 38, 2, NULL, '2017-06-04', 'DAILY SCOOP', -8.59),
       (5, 30, 38, 2, NULL, '2017-01-01', 'DENNYS', -23.42),
       (5, 24, 71, 2, NULL, '2018-12-26', 'DOVER BOWL', -39),
       (4, 24, 40, 2, NULL, '2018-12-18', 'DOWNTOWN DISCOUNT BEV', -5.99),
       (4, 24, 40, 2, NULL, '2017-01-29', 'DUNKIN', -3.88),
       (4, 24, 40, 2, NULL, '2017-02-15', 'DUNKIN', -2.56),
       (4, 24, 40, 2, NULL, '2017-05-27', 'DUNKIN', -4.74),
       (4, 24, 40, 2, NULL, '2018-06-12', 'DUNKIN', -2.47),
       (5, 24, 40, 2, NULL, '2018-10-10', 'DUNKIN', -4.19),
       (5, 24, 40, 2, NULL, '2018-10-18', 'DUNKIN', -4.84),
       (4, 24, 40, 2, NULL, '2018-11-07', 'DUNKIN', -2.75),
       (4, 24, 40, 2, NULL, '2018-11-24', 'DUNKIN', -4.73),
       (4, 24, 40, 2, NULL, '2018-12-12', 'DUNKIN', -2.8),
       (4, 30, 38, 2, NULL, '2018-10-18', 'DYSARTS TRUCKSTOP', -11.7),
       (4, 30, 38, 2, NULL, '2017-04-16', 'EARTH EAGLE BREWINGS', -15.9),
       (5, 7, 40, 2, NULL, '2018-11-07', 'EASTON VILLAGE STORE', -20.14),
       (5, 24, 71, 2, NULL, '2018-03-22', 'EATON MOUNTAIN SKI AREA', -15),
       (5, 24, 44, 2, NULL, '2018-08-31', 'ELIOT', -13.95),
       (4, 24, 38, 2, NULL, '2018-09-06', 'Eliot Meat Market', -11),
       (4, 24, 38, 2, NULL, '2018-09-12', 'Eliot Meat Market', -14.85),
       (5, 24, 38, 2, NULL, '2018-11-23', 'Eliot Meat Market', -14.69),
       (1, 20, 1, 1, NULL, '2017-01-06', 'Employer Payroll', 1000),
       (1, 20, 1, 1, NULL, '2017-01-20', 'Employer Payroll', 1000),
       (1, 20, 1, 1, NULL, '2017-02-03', 'Employer Payroll', 1000),
       (1, 20, 1, 1, NULL, '2017-02-17', 'Employer Payroll', 1000),
       (1, 20, 1, 1, NULL, '2017-03-03', 'Employer Payroll', 1000),
       (1, 20, 1, 1, NULL, '2017-03-17', 'Employer Payroll', 1000),
       (1, 20, 1, 1, NULL, '2017-03-31', 'Employer Payroll', 1000),
       (1, 20, 1, 1, NULL, '2017-04-14', 'Employer Payroll', 1000),
       (1, 20, 1, 1, NULL, '2017-04-28', 'Employer Payroll', 1000),
       (1, 20, 1, 1, NULL, '2017-05-12', 'Employer Payroll', 1000),
       (1, 20, 1, 1, NULL, '2017-05-26', 'Employer Payroll', 1000),
       (1, 20, 1, 1, NULL, '2017-06-09', 'Employer Payroll', 1000),
       (1, 20, 1, 1, NULL, '2017-06-23', 'Employer Payroll', 1000),
       (1, 20, 1, 1, NULL, '2017-07-07', 'Employer Payroll', 1000),
       (1, 20, 1, 1, NULL, '2017-07-21', 'Employer Payroll', 1000),
       (1, 20, 1, 1, NULL, '2017-08-04', 'Employer Payroll', 1000),
       (1, 20, 1, 1, NULL, '2017-08-18', 'Employer Payroll', 1000),
       (1, 20, 1, 1, NULL, '2017-09-01', 'Employer Payroll', 1000),
       (1, 20, 1, 1, NULL, '2017-09-15', 'Employer Payroll', 1000),
       (1, 20, 1, 1, NULL, '2017-09-29', 'Employer Payroll', 1000),
       (1, 20, 1, 1, NULL, '2017-10-13', 'Employer Payroll', 1000),
       (1, 20, 1, 1, NULL, '2017-10-27', 'Employer Payroll', 1000),
       (1, 20, 1, 1, NULL, '2017-11-10', 'Employer Payroll', 1000),
       (1, 20, 1, 1, NULL, '2017-11-24', 'Employer Payroll', 1000),
       (1, 20, 1, 1, NULL, '2017-12-08', 'Employer Payroll', 1000),
       (1, 20, 1, 1, NULL, '2017-12-22', 'Employer Payroll', 1000),
       (1, 20, 1, 1, NULL, '2018-01-05', 'Employer Payroll', 1000),
       (1, 20, 1, 1, NULL, '2018-01-19', 'Employer Payroll', 1000),
       (1, 20, 1, 1, NULL, '2018-02-02', 'Employer Payroll', 1000),
       (1, 20, 1, 1, NULL, '2018-02-16', 'Employer Payroll', 1000),
       (1, 20, 1, 1, NULL, '2018-03-02', 'Employer Payroll', 1000),
       (1, 20, 1, 1, NULL, '2018-03-16', 'Employer Payroll', 1000),
       (1, 20, 1, 1, NULL, '2018-03-30', 'Employer Payroll', 1000),
       (1, 20, 1, 1, NULL, '2018-04-13', 'Employer Payroll', 1000),
       (1, 20, 1, 1, NULL, '2018-04-27', 'Employer Payroll', 1000),
       (1, 20, 1, 1, NULL, '2018-05-11', 'Employer Payroll', 1000),
       (1, 20, 1, 1, NULL, '2018-05-25', 'Employer Payroll', 1000),
       (1, 20, 1, 1, NULL, '2018-06-08', 'Employer Payroll', 1000),
       (1, 20, 1, 1, NULL, '2018-06-22', 'Employer Payroll', 1000),
       (1, 20, 1, 1, NULL, '2018-07-06', 'Employer Payroll', 1000),
       (1, 20, 1, 1, NULL, '2018-07-20', 'Employer Payroll', 1000),
       (1, 20, 1, 1, NULL, '2018-08-03', 'Employer Payroll', 1000),
       (1, 20, 1, 1, NULL, '2018-08-17', 'Employer Payroll', 1000),
       (1, 20, 1, 1, NULL, '2018-08-31', 'Employer Payroll', 1000),
       (1, 20, 1, 1, NULL, '2018-09-14', 'Employer Payroll', 1000),
       (1, 20, 1, 1, NULL, '2018-09-28', 'Employer Payroll', 1000),
       (1, 20, 1, 1, NULL, '2018-10-12', 'Employer Payroll', 1000),
       (1, 20, 1, 1, NULL, '2018-10-26', 'Employer Payroll', 1000),
       (1, 20, 1, 1, NULL, '2018-11-09', 'Employer Payroll', 1000),
       (1, 20, 1, 1, NULL, '2018-11-23', 'Employer Payroll', 1000),
       (1, 20, 1, 1, NULL, '2018-12-07', 'Employer Payroll', 1000),
       (1, 20, 1, 1, NULL, '2018-12-21', 'Employer Payroll', 1000),
       (4, 24, 71, 2, NULL, '2017-06-30', 'EXETER COUNTRY CLUB', -25),
       (4, 6, 44, 2, NULL, '2018-09-27', 'EXXONMOBIL', -22.11),
       (4, 6, 44, 2, NULL, '2018-11-18', 'EXXONMOBIL', -22.05),
       (5, 30, 38, 2, NULL, '2017-03-19', 'FAT BELLYS', -15),
       (5, 30, 38, 2, NULL, '2018-12-25', 'FAT BELLYS', -28.52),
       (4, 24, 39, 2, NULL, '2017-03-19', 'GARYS BEVERAGES', -7.74),
       (5, 24, 39, 2, NULL, '2017-03-26', 'GARYS BEVERAGES', -22.99),
       (5, 24, 39, 2, NULL, '2017-04-10', 'GARYS BEVERAGES', -22.99),
       (4, 24, 39, 2, NULL, '2017-04-15', 'GARYS BEVERAGES', -22.99),
       (4, 24, 39, 2, NULL, '2017-04-22', 'GARYS BEVERAGES', -22.99),
       (4, 24, 39, 2, NULL, '2017-05-08', 'GARYS BEVERAGES', -22.99),
       (5, 24, 39, 2, NULL, '2017-05-21', 'GARYS BEVERAGES', -23.99),
       (4, 24, 39, 2, NULL, '2018-11-29', 'GARYS BEVERAGES', -22.99),
       (5, 24, 46, 2, NULL, '2018-12-12', 'GATEWAY GARAGE', -18),
       (5, 5, 37, 2, NULL, '2017-04-30', 'GOLDEN HARVEST MARKET', -6.18),
       (5, 5, 37, 2, NULL, '2017-05-08', 'GOLDEN HARVEST MARKET', -44.51),
       (4, 5, 37, 2, NULL, '2017-06-26', 'GOLDEN HARVEST MARKET', -11.64),
       (4, 24, 72, 2, NULL, '2018-09-20', 'GOVERNMENT CENTER GARA', -14),
       (5, 30, 38, 2, NULL, '2017-06-30', 'GRILL ON THE HILL', -8),
       (4, 30, 38, 2, NULL, '2017-02-13', 'GROUND ROUND SPORTS BA', -50.94),
       (4, 8, 44, 2, NULL, '2017-01-11', 'GULF OIL', -18.6),
       (5, 8, 40, 2, NULL, '2017-01-11', 'GULF OIL', -9.99),
       (4, 8, 40, 2, NULL, '2017-01-14', 'GULF OIL', -6.07),
       (4, 8, 44, 2, NULL, '2017-01-16', 'GULF OIL', -21.8),
       (5, 8, 44, 2, NULL, '2017-01-31', 'GULF OIL', -15.4),
       (4, 8, 44, 2, NULL, '2017-01-31', 'GULF OIL', -7.61),
       (5, 8, 40, 2, NULL, '2017-02-06', 'GULF OIL', -9.55),
       (4, 8, 40, 2, NULL, '2017-02-06', 'GULF OIL', -3.22),
       (4, 8, 44, 2, NULL, '2017-02-07', 'GULF OIL', -11.76),
       (5, 8, 44, 2, NULL, '2017-02-13', 'GULF OIL', -14.11),
       (4, 8, 40, 2, NULL, '2017-02-13', 'GULF OIL', -8.97),
       (4, 8, 44, 2, NULL, '2017-02-15', 'GULF OIL', -13.17),
       (5, 8, 44, 2, NULL, '2017-02-21', 'GULF OIL', -16.07),
       (5, 8, 44, 2, NULL, '2017-02-27', 'GULF OIL', -10.72),
       (4, 8, 44, 2, NULL, '2017-02-27', 'GULF OIL', -21.69),
       (5, 8, 44, 2, NULL, '2017-03-11', 'GULF OIL', -20.46),
       (4, 8, 44, 2, NULL, '2017-04-23', 'GULF OIL', -17.43),
       (5, 8, 44, 2, NULL, '2017-04-24', 'GULF OIL', -4.19),
       (4, 8, 44, 2, NULL, '2017-05-01', 'GULF OIL', -12.89),
       (4, 8, 44, 2, NULL, '2017-05-08', 'GULF OIL', -21),
       (5, 8, 40, 2, NULL, '2017-05-08', 'GULF OIL', -7.44),
       (4, 8, 44, 2, NULL, '2017-06-17', 'GULF OIL', -16.8),
       (5, 8, 40, 2, NULL, '2017-06-17', 'GULF OIL', -4.62),
       (5, 8, 44, 2, NULL, '2017-06-26', 'GULF OIL', -17.38),
       (5, 8, 44, 2, NULL, '2017-06-28', 'GULF OIL', -13.78),
       (5, 8, 44, 2, NULL, '2018-08-30', 'GULF OIL', -9.75),
       (5, 8, 44, 2, NULL, '2018-09-13', 'GULF OIL', -13.88),
       (5, 8, 44, 2, NULL, '2018-09-20', 'GULF OIL', -18.2),
       (4, 8, 44, 2, NULL, '2018-10-24', 'GULF OIL', -27.12),
       (5, 8, 44, 2, NULL, '2018-11-29', 'GULF OIL', -15.62),
       (4, 8, 44, 2, NULL, '2018-11-29', 'GULF OIL', -7.28),
       (4, 8, 44, 2, NULL, '2018-12-12', 'GULF OIL', -18.18),
       (5, 8, 44, 2, NULL, '2018-12-12', 'GULF OIL', -11.9),
       (5, 8, 44, 2, NULL, '2018-12-30', 'GULF OIL', -20.74),
       (5, 24, 38, 2, NULL, '2017-01-14', 'GUNSTOCK SKI RESRT', -27.34),
       (5, 24, 38, 2, NULL, '2017-01-21', 'GUNSTOCK SKI RESRT', -31.7),
       (5, 24, 38, 2, NULL, '2017-01-28', 'GUNSTOCK SKI RESRT', -29.52),
       (5, 24, 38, 2, NULL, '2017-02-04', 'GUNSTOCK SKI RESRT', -24.16),
       (4, 24, 38, 2, NULL, '2017-02-18', 'GUNSTOCK SKI RESRT', -35.7),
       (4, 24, 38, 2, NULL, '2017-02-25', 'GUNSTOCK SKI RESRT', -31.52),
       (5, 24, 38, 2, NULL, '2017-03-03', 'GUNSTOCK SKI RESRT', -26.91),
       (4, 24, 38, 2, NULL, '2017-03-09', 'GUNSTOCK SKI RESRT', -32.72),
       (5, 7, 38, 2, NULL, '2017-05-27', 'HANLEYS MARKET', -13.52),
       (4, 7, 38, 2, NULL, '2018-11-14', 'HANLEYS MARKET', -20.51),
       (5, 7, 37, 2, NULL, '2017-02-07', 'HANNAFORD', -21.51),
       (4, 7, 37, 2, NULL, '2017-03-11', 'HANNAFORD', -3.99),
       (5, 7, 37, 2, NULL, '2017-04-16', 'HANNAFORD', -10.49),
       (5, 7, 37, 2, NULL, '2017-04-23', 'HANNAFORD', -19.34),
       (4, 7, 37, 2, NULL, '2017-04-25', 'HANNAFORD', -56.93),
       (5, 7, 37, 2, NULL, '2018-03-30', 'HANNAFORD', -17.26),
       (5, 7, 37, 2, NULL, '2018-09-06', 'HANNAFORD', -13.75),
       (5, 7, 37, 2, NULL, '2018-12-19', 'HANNAFORD', -37.91),
       (4, 7, 37, 2, NULL, '2018-12-31', 'HANNAFORD', -36.8),
       (5, 4, 23, 2, NULL, '2017-04-02', 'Health Insurance', -158.48),
       (4, 4, 23, 2, NULL, '2017-05-01', 'Health Insurance', -158.48),
       (5, 4, 23, 2, NULL, '2017-06-01', 'Health Insurance', -158.48),
       (5, 4, 23, 2, NULL, '2018-12-13', 'Health Insurance', -158.48),
       (5, 24, 69, 2, NULL, '2017-02-27', 'HOYT NEWINGTON 12', -14.1),
       (4, 24, 69, 2, NULL, '2017-02-27', 'HOYT NEWINGTON 12', -6.53),
       (4, 24, 69, 2, NULL, '2017-04-23', 'HOYT NEWINGTON 12', -27.3),
       (5, 6, 15, 2, NULL, '2017-01-06', 'INTEREST CHARGE:PURCHASES', -87.03),
       (5, 6, 15, 2, NULL, '2017-02-06', 'INTEREST CHARGE:PURCHASES', -86.17),
       (5, 6, 15, 2, NULL, '2017-03-05', 'INTEREST CHARGE:PURCHASES', -78.8),
       (4, 6, 15, 2, NULL, '2018-01-06', 'INTEREST CHARGE:PURCHASES', -87.03),
       (5, 6, 15, 2, NULL, '2018-02-06', 'INTEREST CHARGE:PURCHASES', -86.17),
       (5, 6, 15, 2, NULL, '2018-03-06', 'INTEREST CHARGE:PURCHASES', -78.8),
       (4, 6, 15, 2, NULL, '2018-04-06', 'INTEREST CHARGE:PURCHASES', -87.03),
       (5, 6, 15, 2, NULL, '2018-05-06', 'INTEREST CHARGE:PURCHASES', -86.17),
       (5, 6, 15, 2, NULL, '2018-06-06', 'INTEREST CHARGE:PURCHASES', -78.8),
       (5, 6, 15, 2, NULL, '2018-07-06', 'INTEREST CHARGE:PURCHASES', -87.03),
       (5, 6, 15, 2, NULL, '2018-08-06', 'INTEREST CHARGE:PURCHASES', -86.17),
       (5, 6, 15, 2, NULL, '2018-09-05', 'INTEREST CHARGE:PURCHASES', -78.8),
       (4, 6, 15, 2, NULL, '2018-10-06', 'INTEREST CHARGE:PURCHASES', -87.03),
       (4, 6, 15, 2, NULL, '2018-11-06', 'INTEREST CHARGE:PURCHASES', -86.17),
       (4, 6, 15, 2, NULL, '2018-12-05', 'INTEREST CHARGE:PURCHASES', -78.8),
       (4, 20, 100, 2, NULL, '2018-04-10', 'INTUIT *TURBOTAX', -63.29),
       (4, 20, 100, 2, NULL, '2018-04-11', 'INTUIT *TURBOTAX', -73.84),
       (5, 8, 44, 2, NULL, '2017-05-27', 'IRVING', -3.62),
       (5, 9, 64, 2, NULL, '2017-05-14', 'JACKSON HARDWARE & MARINE', -89.55),
       (4, 9, 64, 2, NULL, '2017-05-21', 'JACKSON HARDWARE & MARINE', -78.84),
       (5, 9, 64, 2, NULL, '2017-06-21', 'JACKSON HARDWARE & MARINE', -41.29),
       (4, 9, 64, 2, NULL, '2018-09-13', 'JACKSON HARDWARE & MARINE', -10.53),
       (4, 24, 94, 2, NULL, '2018-08-28', 'JCPENNEY', -12),
       (5, 24, 38, 2, NULL, '2017-02-14', 'JIMINY PEAK', -8),
       (4, 24, 39, 2, NULL, '2017-02-14', 'KELLYS PACKAGE STORE', -14.99),
       (5, 30, 38, 2, NULL, '2017-01-02', 'KFC', -9.69),
       (5, 30, 38, 2, NULL, '2018-09-27', 'KFC', -7.39),
       (5, 30, 38, 2, NULL, '2018-11-24', 'KFC', -10.88),
       (5, 30, 38, 2, NULL, '2018-11-28', 'KFC', -17.83),
       (4, 20, 84, 2, NULL, '2018-12-29', 'KHAN ACADEMY', -10),
       (4, 9, 64, 2, NULL, '2018-11-21', 'KITTERY ACE HARDWARE', -6.31),
       (5, 24, 94, 2, NULL, '2018-10-03', 'KITTERY TRADING POST', -176.05),
       (4, 24, 94, 2, NULL, '2017-05-16', 'KOHLS', -59.99),
       (4, 24, 85, 2, NULL, '2017-06-03', 'LINDT CHOCOLATE', -28),
       (5, 24, 85, 2, NULL, '2018-11-12', 'LINDT CHOCOLATE', -15.5),
       (4, 24, 85, 2, NULL, '2018-12-12', 'LINDT CHOCOLATE', -35.87),
       (4, 24, 85, 2, NULL, '2018-12-18', 'LINDT CHOCOLATE', -33),
       (4, 30, 38, 2, NULL, '2017-04-16', 'LITTLE CAESARS PIZZA', -9.23),
       (4, 24, 71, 2, NULL, '2017-04-20', 'LMG LIMELIGHT', -29),
       (4, 24, 38, 2, NULL, '2017-01-10', 'LOCAL SPROUTS COOPERAT', -4.1),
       (5, 20, 84, 2, NULL, '2017-01-30', 'LYNDA.COM, INC.', -24.99),
       (4, 20, 84, 2, NULL, '2017-02-28', 'LYNDA.COM, INC.', -24.99),
       (5, 20, 84, 2, NULL, '2017-03-30', 'LYNDA.COM, INC.', -24.99),
       (5, 20, 84, 2, NULL, '2017-04-30', 'LYNDA.COM, INC.', -24.99),
       (5, 20, 84, 2, NULL, '2017-05-30', 'LYNDA.COM, INC.', -24.99),
       (5, 20, 84, 2, NULL, '2017-06-30', 'LYNDA.COM, INC.', -24.99),
       (5, 20, 84, 2, NULL, '2018-09-30', 'LYNDA.COM, INC.', -24.99),
       (4, 20, 84, 2, NULL, '2018-10-30', 'LYNDA.COM, INC.', -24.99),
       (5, 20, 84, 2, NULL, '2018-11-30', 'LYNDA.COM, INC.', -24.99),
       (4, 20, 84, 2, NULL, '2018-12-30', 'LYNDA.COM, INC.', -24.99),
       (5, 24, 94, 2, NULL, '2017-05-21', 'MACY*S', -29.99),
       (5, 24, 94, 2, NULL, '2018-08-28', 'MACY*S', -73.98),
       (5, 19, 52, 2, NULL, '2017-01-10', 'Maine Turnpike Authority', -20),
       (4, 19, 52, 2, NULL, '2017-01-21', 'Maine Turnpike Authority', -20),
       (4, 19, 52, 2, NULL, '2017-01-31', 'Maine Turnpike Authority', -20),
       (5, 19, 52, 2, NULL, '2017-02-10', 'Maine Turnpike Authority', -20),
       (5, 19, 52, 2, NULL, '2017-02-18', 'Maine Turnpike Authority', -20),
       (4, 19, 52, 2, NULL, '2017-03-02', 'Maine Turnpike Authority', -20),
       (5, 19, 52, 2, NULL, '2017-03-13', 'Maine Turnpike Authority', -20),
       (5, 19, 52, 2, NULL, '2017-04-01', 'Maine Turnpike Authority', -20),
       (5, 19, 52, 2, NULL, '2017-04-21', 'Maine Turnpike Authority', -20),
       (5, 19, 52, 2, NULL, '2017-05-11', 'Maine Turnpike Authority', -20),
       (4, 19, 52, 2, NULL, '2017-05-29', 'Maine Turnpike Authority', -20),
       (5, 19, 52, 2, NULL, '2017-06-23', 'Maine Turnpike Authority', -20),
       (4, 19, 52, 2, NULL, '2018-07-01', 'Maine Turnpike Authority', -20),
       (5, 19, 52, 2, NULL, '2018-07-12', 'Maine Turnpike Authority', -20),
       (5, 19, 52, 2, NULL, '2018-07-30', 'Maine Turnpike Authority', -20),
       (5, 19, 52, 2, NULL, '2018-08-19', 'Maine Turnpike Authority', -20),
       (4, 19, 52, 2, NULL, '2018-08-30', 'Maine Turnpike Authority', -20),
       (4, 19, 52, 2, NULL, '2018-09-18', 'Maine Turnpike Authority', -20),
       (4, 19, 52, 2, NULL, '2018-10-03', 'Maine Turnpike Authority', -20),
       (5, 19, 52, 2, NULL, '2018-10-16', 'Maine Turnpike Authority', -20),
       (5, 19, 52, 2, NULL, '2018-10-29', 'Maine Turnpike Authority', -20),
       (5, 19, 52, 2, NULL, '2018-11-18', 'Maine Turnpike Authority', -20),
       (5, 19, 52, 2, NULL, '2018-12-02', 'Maine Turnpike Authority', -20),
       (4, 19, 52, 2, NULL, '2018-12-14', 'Maine Turnpike Authority', -20),
       (5, 19, 52, 2, NULL, '2018-12-30', 'Maine Turnpike Authority', -20),
       (5, 24, 106, 2, NULL, '2018-03-11', 'MAINE.GOV ONLINE', -32),
       (4, 7, 37, 2, NULL, '2017-02-02', 'MARKET BASKET', -35.19),
       (4, 7, 37, 2, NULL, '2017-03-21', 'MARKET BASKET', -28.81),
       (4, 7, 37, 2, NULL, '2017-03-26', 'MARKET BASKET', -21.97),
       (5, 7, 37, 2, NULL, '2017-03-29', 'MARKET BASKET', -18.65),
       (4, 7, 37, 2, NULL, '2017-04-01', 'MARKET BASKET', -6.77),
       (5, 7, 37, 2, NULL, '2017-04-13', 'MARKET BASKET', -28.32),
       (4, 7, 37, 2, NULL, '2017-04-18', 'MARKET BASKET', -14.16),
       (5, 7, 37, 2, NULL, '2017-05-06', 'MARKET BASKET', -5.86),
       (4, 7, 37, 2, NULL, '2017-05-15', 'MARKET BASKET', -42.09),
       (4, 7, 37, 2, NULL, '2017-05-26', 'MARKET BASKET', -51.95),
       (5, 7, 37, 2, NULL, '2017-06-02', 'MARKET BASKET', -35.61),
       (5, 7, 37, 2, NULL, '2017-06-05', 'MARKET BASKET', -72.84),
       (4, 7, 37, 2, NULL, '2017-06-10', 'MARKET BASKET', -44.21),
       (5, 7, 37, 2, NULL, '2017-06-12', 'MARKET BASKET', -105.82),
       (4, 7, 37, 2, NULL, '2017-06-15', 'MARKET BASKET', -48.65),
       (4, 7, 37, 2, NULL, '2017-06-24', 'MARKET BASKET', -36.31),
       (4, 7, 37, 2, NULL, '2018-09-06', 'MARKET BASKET', -23.71),
       (4, 7, 37, 2, NULL, '2018-09-18', 'MARKET BASKET', -40.57),
       (5, 7, 37, 2, NULL, '2018-09-21', 'MARKET BASKET', -28.62),
       (4, 7, 37, 2, NULL, '2018-09-22', 'MARKET BASKET', -19.27),
       (4, 7, 37, 2, NULL, '2018-09-28', 'MARKET BASKET', -26.86),
       (5, 7, 37, 2, NULL, '2018-10-03', 'MARKET BASKET', -8.28),
       (4, 7, 37, 2, NULL, '2018-10-06', 'MARKET BASKET', -12.77),
       (5, 7, 37, 2, NULL, '2018-10-25', 'MARKET BASKET', -14.25),
       (5, 7, 37, 2, NULL, '2018-10-30', 'MARKET BASKET', -35.17),
       (4, 7, 37, 2, NULL, '2018-11-02', 'MARKET BASKET', -19.75),
       (5, 7, 37, 2, NULL, '2018-11-10', 'MARKET BASKET', -40.6),
       (4, 7, 37, 2, NULL, '2018-11-18', 'MARKET BASKET', -28.86),
       (5, 7, 37, 2, NULL, '2018-11-22', 'MARKET BASKET', -35.89),
       (4, 7, 37, 2, NULL, '2018-11-22', 'MARKET BASKET', -17.3),
       (4, 7, 37, 2, NULL, '2018-11-29', 'MARKET BASKET', -42.6),
       (4, 7, 37, 2, NULL, '2018-12-02', 'MARKET BASKET', -34.7),
       (5, 7, 37, 2, NULL, '2018-12-05', 'MARKET BASKET', -48.54),
       (4, 7, 37, 2, NULL, '2018-12-13', 'MARKET BASKET', -29.18),
       (4, 30, 38, 2, NULL, '2017-01-05', 'MCDONALDS', -5.14),
       (5, 30, 38, 2, NULL, '2017-01-06', 'MCDONALDS', -3.9),
       (5, 30, 38, 2, NULL, '2017-01-12', 'MCDONALDS', -5.79),
       (4, 30, 38, 2, NULL, '2017-01-22', 'MCDONALDS', -5.79),
       (5, 30, 38, 2, NULL, '2017-01-23', 'MCDONALDS', -5.79),
       (5, 30, 38, 2, NULL, '2017-01-29', 'MCDONALDS', -5.79),
       (4, 30, 38, 2, NULL, '2017-02-11', 'MCDONALDS', -7.4),
       (5, 30, 38, 2, NULL, '2017-02-17', 'MCDONALDS', -3.86),
       (5, 30, 38, 2, NULL, '2017-02-26', 'MCDONALDS', -5.84),
       (5, 30, 38, 2, NULL, '2017-02-27', 'MCDONALDS', -4.44),
       (5, 30, 38, 2, NULL, '2017-02-28', 'MCDONALDS', -5.84),
       (5, 30, 38, 2, NULL, '2017-03-07', 'MCDONALDS', -8.29),
       (5, 30, 38, 2, NULL, '2017-03-10', 'MCDONALDS', -5.15),
       (4, 30, 38, 2, NULL, '2017-03-24', 'MCDONALDS', -4.18),
       (4, 30, 38, 2, NULL, '2017-04-03', 'MCDONALDS', -2.79),
       (5, 30, 38, 2, NULL, '2017-04-17', 'MCDONALDS', -6.17),
       (4, 30, 38, 2, NULL, '2017-04-19', 'MCDONALDS', -6.17),
       (5, 30, 38, 2, NULL, '2017-04-23', 'MCDONALDS', -6.17),
       (4, 30, 38, 2, NULL, '2017-04-29', 'MCDONALDS', -4.76),
       (4, 30, 38, 2, NULL, '2017-05-10', 'MCDONALDS', -6.2),
       (4, 30, 38, 2, NULL, '2017-05-13', 'MCDONALDS', -6.69),
       (5, 30, 38, 2, NULL, '2017-05-15', 'MCDONALDS', -6.17),
       (5, 30, 38, 2, NULL, '2017-05-23', 'MCDONALDS', -6.17),
       (5, 30, 38, 2, NULL, '2017-05-24', 'MCDONALDS', -6.79),
       (5, 30, 38, 2, NULL, '2017-05-25', 'MCDONALDS', -6.42),
       (5, 30, 38, 2, NULL, '2017-06-13', 'MCDONALDS', -6.2),
       (5, 30, 38, 2, NULL, '2017-06-20', 'MCDONALDS', -6.2),
       (4, 30, 38, 2, NULL, '2017-06-29', 'MCDONALDS', -6.69),
       (5, 30, 38, 2, NULL, '2018-10-07', 'MCDONALDS', -5.66),
       (5, 30, 38, 2, NULL, '2018-10-15', 'MCDONALDS', -6.47),
       (4, 30, 38, 2, NULL, '2018-10-29', 'MCDONALDS', -5.66),
       (4, 30, 38, 2, NULL, '2018-12-07', 'MCDONALDS', -3.86),
       (5, 30, 38, 2, NULL, '2018-12-10', 'MCDONALDS', -5.57),
       (4, 30, 38, 2, NULL, '2018-12-11', 'MCDONALDS', -3.86),
       (5, 30, 38, 2, NULL, '2018-12-12', 'MCDONALDS', -4.61),
       (4, 30, 38, 2, NULL, '2018-12-16', 'MCDONALDS', -5.84),
       (4, 30, 38, 2, NULL, '2018-12-17', 'MCDONALDS', -4.5),
       (5, 30, 38, 2, NULL, '2018-12-28', 'MCDONALDS', -5.84),
       (4, 30, 38, 2, NULL, '2018-12-30', 'MCDONALDS', -3.86),
       (4, 24, 37, 2, NULL, '2018-12-24', 'MIDDLE STREET MARKET', -4.25),
       (4, 8, 37, 2, NULL, '2017-03-13', 'MOUNTAINSIDE GROCERS', -7.22),
       (5, 26, 70, 2, 2, '2018-06-19', 'NETFLIX.COM', -7.99),
       (5, 26, 70, 2, 2, '2018-07-19', 'NETFLIX.COM', -7.99),
       (4, 26, 70, 2, 2, '2018-08-19', 'NETFLIX.COM', -7.99),
       (5, 26, 70, 2, 2, '2018-09-20', 'NETFLIX.COM', -7.99),
       (5, 26, 70, 2, 2, '2018-10-19', 'NETFLIX.COM', -7.99),
       (5, 26, 70, 2, 2, '2018-11-19', 'NETFLIX.COM', -7.99),
       (5, 24, 39, 2, NULL, '2017-03-11', 'NH LIQUOR STORE', -14.99),
       (5, 24, 39, 2, NULL, '2017-04-22', 'NH LIQUOR STORE', -61.98),
       (5, 24, 39, 2, NULL, '2017-06-09', 'NH LIQUOR STORE', -49.98),
       (5, 24, 39, 2, NULL, '2018-03-30', 'NH LIQUOR STORE', -38.98),
       (5, 24, 39, 2, NULL, '2018-09-05', 'NH LIQUOR STORE', -29.99),
       (5, 24, 39, 2, NULL, '2018-12-31', 'NH LIQUOR STORE', -61.96),
       (4, 30, 38, 2, NULL, '2017-01-01', 'OLD PORT TAVERN', -32),
       (5, 24, 21, 2, NULL, '2018-03-03', 'PAST DUE FEE', -35),
       (4, 30, 38, 2, NULL, '2018-10-17', 'PATS PIZZA', -23.44),
       (5, 24, 71, 2, NULL, '2017-05-15', 'PEASE GOLF COURSE', -32),
       (4, 24, 77, 2, NULL, '2017-03-05', 'PLAYSTATION SONYENTERT', -9.99),
       (4, 24, 77, 2, NULL, '2018-12-29', 'PLAYSTATION SONYENTERT', -10.49),
       (5, 26, 70, 2, 1, '2017-01-04', 'PLEX, INC.', -3.99),
       (4, 26, 70, 2, 1, '2017-02-04', 'PLEX, INC.', -3.99),
       (4, 26, 70, 2, 1, '2017-03-04', 'PLEX, INC.', -3.99),
       (5, 26, 70, 2, 1, '2017-04-04', 'PLEX, INC.', -3.99),
       (4, 26, 70, 2, 1, '2017-05-04', 'PLEX, INC.', -3.99),
       (4, 26, 70, 2, 1, '2017-06-04', 'PLEX, INC.', -3.99),
       (5, 26, 70, 2, 1, '2018-12-04', 'PLEX, INC.', -3.99),
       (4, 30, 38, 2, NULL, '2017-06-27', 'POCOS BOW STREET CANTINA', -69.23),
       (5, 30, 38, 2, NULL, '2017-01-27', 'PORTSMOUTH BREWERY', -22.04),
       (4, 30, 38, 2, NULL, '2017-01-27', 'PORTSMOUTH BREWERY', -6.25),
       (4, 30, 38, 2, NULL, '2017-02-17', 'PORTSMOUTH BREWERY', -23.04),
       (4, 30, 38, 2, NULL, '2017-02-28', 'PORTSMOUTH BREWERY', -30.47),
       (5, 30, 38, 2, NULL, '2017-03-02', 'PORTSMOUTH BREWERY', -14.79),
       (4, 30, 38, 2, NULL, '2017-04-06', 'PORTSMOUTH BREWERY', -27.29),
       (4, 30, 38, 2, NULL, '2017-04-13', 'PORTSMOUTH BREWERY', -27.29),
       (5, 30, 38, 2, NULL, '2017-04-27', 'PORTSMOUTH BREWERY', -28.53),
       (5, 30, 38, 2, NULL, '2017-05-04', 'PORTSMOUTH BREWERY', -34.78),
       (5, 30, 38, 2, NULL, '2017-06-15', 'PORTSMOUTH BREWERY', -23.04),
       (4, 30, 38, 2, NULL, '2018-11-08', 'PORTSMOUTH BREWERY', -14.5),
       (5, 30, 38, 2, NULL, '2018-12-16', 'PORTSMOUTH BREWERY', -27.29),
       (5, 30, 38, 2, NULL, '2018-12-19', 'PORTSMOUTH BREWERY', -6.25),
       (4, 30, 38, 2, NULL, '2018-12-19', 'PORTSMOUTH BREWERY', -26.75),
       (5, 25, 98, 2, NULL, '2018-09-27', 'REDS SHOE BARN INC', -3.99),
       (5, 30, 38, 2, NULL, '2018-11-06', 'RIDICI', -61.92),
       (4, 24, 97, 2, NULL, '2017-01-20', 'RITE AID STORE ', -48.31),
       (4, 24, 97, 2, NULL, '2017-02-10', 'RITE AID STORE ', -16.01),
       (5, 24, 97, 2, NULL, '2017-03-01', 'RITE AID STORE ', -8.22),
       (5, 24, 97, 2, NULL, '2017-03-05', 'RITE AID STORE ', -6.31),
       (5, 24, 97, 2, NULL, '2017-04-03', 'RITE AID STORE ', -29.06),
       (5, 24, 97, 2, NULL, '2017-06-07', 'RITE AID STORE ', -14),
       (4, 24, 97, 2, NULL, '2017-06-26', 'RITE AID STORE ', -37.07),
       (4, 24, 97, 2, NULL, '2018-03-13', 'RITE AID STORE ', -45.23),
       (5, 24, 97, 2, NULL, '2018-10-22', 'RITE AID STORE ', -38.06),
       (4, 24, 97, 2, NULL, '2018-11-12', 'RITE AID STORE ', -6),
       (5, 24, 97, 2, NULL, '2018-11-22', 'RITE AID STORE ', -10.87),
       (4, 24, 97, 2, NULL, '2018-12-12', 'RITE AID STORE ', -9.15),
       (4, 30, 38, 2, NULL, '2018-09-05', 'RUDDERS PUBLIC HOUSE', -20.32),
       (5, 30, 38, 2, NULL, '2017-01-17', 'RUN OF THE MILL ', -24.25),
       (5, 24, 71, 2, NULL, '2017-05-23', 'SAGAMORE HAMPTON GOLF CLU', -22),
       (4, 24, 71, 2, NULL, '2017-06-13', 'SAGAMORE HAMPTON GOLF CLU', -32),
       (4, 24, 71, 2, NULL, '2017-06-20', 'SAGAMORE HAMPTON GOLF CLU', -20),
       (5, 24, 71, 2, NULL, '2017-06-20', 'SAGAMORE HAMPTON GOLF CLU', -11.5),
       (4, 30, 38, 2, NULL, '2018-10-18', 'SBARROS', -4.53),
       (4, 24, 47, 2, NULL, '2017-04-23', 'SEARS', -16.24),
       (4, 30, 38, 2, NULL, '2018-03-22', 'SEASONS GRILL AND LOUNGE', -47.4),
       (5, 26, 75, 2, NULL, '2017-01-07', 'SIRIUSXM.COM', -10.13),
       (4, 26, 75, 2, NULL, '2017-02-07', 'SIRIUSXM.COM', -17.08),
       (4, 26, 75, 2, NULL, '2017-03-07', 'SIRIUSXM.COM', -17.08),
       (5, 26, 75, 2, NULL, '2017-04-07', 'SIRIUSXM.COM', -17.08),
       (5, 26, 75, 2, NULL, '2017-05-07', 'SIRIUSXM.COM', -17.08),
       (4, 26, 75, 2, NULL, '2017-06-07', 'SIRIUSXM.COM', -17.08),
       (4, 26, 75, 2, NULL, '2017-01-29', 'Spotify', -10.54),
       (4, 26, 75, 2, NULL, '2017-02-28', 'Spotify', -10.54),
       (4, 26, 75, 2, NULL, '2017-03-29', 'Spotify', -10.54),
       (5, 26, 75, 2, NULL, '2018-11-29', 'Spotify', -10.54),
       (5, 26, 75, 2, NULL, '2018-12-29', 'Spotify', -10.54),
       (5, 26, 75, 2, NULL, '2017-04-30', 'Spotify USA', -10.54),
       (5, 26, 75, 2, NULL, '2017-05-30', 'Spotify USA', -10.54),
       (5, 26, 75, 2, NULL, '2017-06-30', 'Spotify USA', -10.54),
       (5, 24, 40, 2, NULL, '2017-02-19', 'STARBUCK', -2.54),
       (5, 24, 74, 2, NULL, '2018-12-11', 'STATE THEATRE', -7.5),
       (4, 24, 74, 2, NULL, '2018-12-11', 'STATE THEATRE', -38),
       (5, 24, 77, 2, NULL, '2017-05-10', 'STEAMGAMES.COM', -14.99),
       (5, 24, 77, 2, NULL, '2017-05-17', 'STEAMGAMES.COM', -59.99),
       (4, 24, 77, 2, NULL, '2018-09-27', 'STEAMGAMES.COM', -19.99),
       (5, 24, 77, 2, NULL, '2018-12-01', 'STEAMGAMES.COM', -11.24),
       (5, 8, 37, 2, NULL, '2017-02-14', 'STOP & SHOP', -36.23),
       (4, 24, 71, 2, NULL, '2017-05-04', 'STRIKERS EAST BOWLING ', -12.5),
       (5, 24, 71, 2, NULL, '2017-05-04', 'STRIKERS EAST BOWLING ', -12),
       (4, 24, 71, 2, NULL, '2017-05-11', 'STRIKERS EAST BOWLING ', -12),
       (5, 24, 71, 2, NULL, '2017-05-18', 'STRIKERS EAST BOWLING ', -12),
       (4, 24, 71, 2, NULL, '2017-05-18', 'STRIKERS EAST BOWLING ', -12),
       (4, 24, 71, 2, NULL, '2017-06-01', 'STRIKERS EAST BOWLING ', -10),
       (5, 24, 71, 2, NULL, '2017-06-01', 'STRIKERS EAST BOWLING ', -12),
       (5, 24, 71, 2, NULL, '2017-06-15', 'STRIKERS EAST BOWLING ', -15),
       (4, 24, 71, 2, NULL, '2017-06-15', 'STRIKERS EAST BOWLING ', -12),
       (4, 24, 71, 2, NULL, '2017-06-22', 'STRIKERS EAST BOWLING ', -13),
       (5, 24, 71, 2, NULL, '2017-06-22', 'STRIKERS EAST BOWLING ', -12),
       (4, 30, 38, 2, NULL, '2017-03-08', 'SUBWAY ', -11.77),
       (5, 30, 38, 2, NULL, '2017-03-26', 'SUBWAY ', -8.64),
       (4, 30, 38, 2, NULL, '2017-05-14', 'SUBWAY ', -13.44),
       (4, 30, 38, 2, NULL, '2017-05-21', 'SUBWAY ', -11.72),
       (5, 30, 38, 2, NULL, '2017-06-03', 'SUBWAY ', -11.61),
       (4, 30, 38, 2, NULL, '2017-06-30', 'SUBWAY ', -10.51),
       (5, 30, 38, 2, NULL, '2018-06-12', 'SUBWAY ', -11.07),
       (4, 30, 38, 2, NULL, '2018-09-29', 'SUBWAY ', -10.36),
       (4, 30, 38, 2, NULL, '2018-10-03', 'SUBWAY ', -10.09),
       (4, 30, 38, 2, NULL, '2018-10-23', 'SUBWAY ', -11.34),
       (4, 30, 38, 2, NULL, '2018-11-25', 'SUBWAY ', -8.64),
       (5, 30, 38, 2, NULL, '2018-12-13', 'SUBWAY ', -8.64),
       (5, 24, 71, 2, NULL, '2017-03-12', 'SUGARLOAF', -140),
       (5, 24, 71, 2, NULL, '2017-03-13', 'SUGARLOAF', -70),
       (4, 8, 44, 2, NULL, '2018-03-30', 'SUNOCO', -27.18),
       (5, 8, 44, 2, NULL, '2018-08-29', 'SUNOCO', -25.13),
       (4, 8, 44, 2, NULL, '2018-11-06', 'SUNOCO', -19.83),
       (5, 20, 89, 2, NULL, '2017-01-11', 'SUPERCUTS', -18.95),
       (4, 20, 89, 2, NULL, '2017-02-28', 'SUPERCUTS', -19.95),
       (4, 20, 89, 2, NULL, '2017-04-17', 'SUPERCUTS', -18.95),
       (4, 20, 89, 2, NULL, '2017-06-05', 'SUPERCUTS', -18.95),
       (5, 20, 89, 2, NULL, '2018-10-03', 'SUPERCUTS', -19.95),
       (4, 20, 89, 2, NULL, '2018-11-22', 'SUPERCUTS', -18.95),
       (4, 30, 38, 2, NULL, '2017-02-15', 'TACO BELL', -14.72),
       (4, 30, 38, 2, NULL, '2017-02-21', 'TANDEM COFFEE', -5),
       (4, 24, 109, 2, NULL, '2018-08-29', 'TARGET', -34.55),
       (4, 24, 109, 1, NULL, '2018-09-03', 'TARGET', 12.99),
       (4, 24, 109, 2, NULL, '2018-09-10', 'TARGET', -3.64),
       (4, 7, 37, 2, NULL, '2018-10-03', 'TAYLOR LOBSTER COMPANY', -23.73),
       (4, 24, 38, 2, NULL, '2017-04-07', 'TD GARDEN', -23.5),
       (4, 30, 38, 2, NULL, '2017-03-12', 'THE BAG & KETTLE', -6.5),
       (5, 30, 38, 2, NULL, '2017-03-12', 'THE BAG & KETTLE', -30.11),
       (4, 30, 38, 2, NULL, '2017-04-07', 'The Harp', -38.79),
       (5, 6, 64, 2, NULL, '2017-05-17', 'THE HOME DEPOT', -61.08),
       (4, 6, 64, 2, NULL, '2017-06-10', 'THE HOME DEPOT', -59.14),
       (5, 6, 64, 2, NULL, '2018-09-05', 'THE HOME DEPOT', -36.58),
       (5, 6, 64, 2, NULL, '2018-11-21', 'THE HOME DEPOT', -22.68),
       (4, 30, 38, 2, NULL, '2017-06-16', 'THE SHIPYARD BREW PU', -68.13),
       (5, 24, 85, 2, NULL, '2017-06-27', 'TOYS R US', -12.99),
       (1, NULL, 112, 2, NULL, '2018-06-15', 'Transfer From Checking to Money Market', -250),
       (3, NULL, 112, 1, NULL, '2018-06-15', 'Transfer From Checking to Money Market', 250),
       (1, NULL, 112, 2, NULL, '2018-07-15', 'Transfer From Checking to Money Market', -250),
       (3, NULL, 112, 1, NULL, '2018-07-15', 'Transfer From Checking to Money Market', 250),
       (1, NULL, 112, 2, NULL, '2018-06-01', 'Transfer From Checking to Savings', -500),
       (2, NULL, 112, 1, NULL, '2018-06-01', 'Transfer From Checking to Savings', 500),
       (1, NULL, 112, 2, NULL, '2018-07-01', 'Transfer From Checking to Savings', -500),
       (2, NULL, 112, 1, NULL, '2018-07-01', 'Transfer From Checking to Savings', 500),
       (5, 24, 38, 2, NULL, '2017-01-16', 'TRIBUTARY BREWI', -66.31),
       (5, 24, 38, 2, NULL, '2017-01-24', 'TRIBUTARY BREWI', -21.08),
       (4, 24, 38, 2, NULL, '2017-04-02', 'TRIBUTARY BREWI', -42.4),
       (4, 24, 38, 2, NULL, '2018-09-05', 'TRIBUTARY BREWI', -5.32),
       (4, 24, 38, 2, NULL, '2018-11-15', 'TRIBUTARY BREWI', -49.13),
       (5, 24, 51, 2, NULL, '2017-01-29', 'UNIFIED PARKING PARTNE', -17.5),
       (4, 30, 38, 2, NULL, '2017-02-19', 'UNIV MAINE DINING SVS', -8.76),
       (5, 24, 94, 2, NULL, '2018-10-17', 'UNIVERSITY OF MAINE', -52.74),
       (5, 26, 7, 2, NULL, '2017-04-08', 'VPN', -39.95),
       (5, 26, 7, 2, NULL, '2018-04-10', 'VPN', -39.95),
       (4, 24, 97, 2, NULL, '2018-09-27', 'WALGREENS', -21.47),
       (5, 30, 38, 2, NULL, '2017-06-05', 'WENDYS', -10.78),
       (5, 30, 38, 2, NULL, '2017-06-12', 'WENDYS', -10.29),
       (4, 30, 38, 2, NULL, '2018-04-07', 'WENDYS', -9.9),
       (5, 30, 38, 2, NULL, '2018-06-10', 'WENDYS', -9.9),
       (5, 30, 38, 2, NULL, '2018-10-04', 'WENDYS', -10.43),
       (4, 30, 38, 2, NULL, '2018-11-16', 'WENDYS', -10.13),
       (4, 30, 38, 2, NULL, '2018-11-20', 'WENDYS', -10.01),
       (5, 30, 38, 2, NULL, '2018-12-14', 'WENDYS', -11),
       (4, 24, 42, 2, NULL, '2017-01-04', 'Work Lunch', -5.5),
       (4, 24, 42, 2, NULL, '2017-01-05', 'Work Lunch', -6.5),
       (5, 24, 42, 2, NULL, '2017-01-05', 'Work Lunch', -7.32),
       (5, 24, 42, 2, NULL, '2017-01-06', 'Work Lunch', -5.5),
       (4, 24, 42, 2, NULL, '2017-01-07', 'Work Lunch', -6.5),
       (4, 24, 42, 2, NULL, '2017-01-08', 'Work Lunch', -7.32),
       (5, 24, 42, 2, NULL, '2017-01-11', 'Work Lunch', -5.5),
       (4, 24, 42, 2, NULL, '2017-01-11', 'Work Lunch', -6.5),
       (4, 24, 42, 2, NULL, '2017-01-12', 'Work Lunch', -7.32),
       (4, 24, 42, 2, NULL, '2017-01-13', 'Work Lunch', -5.5),
       (5, 24, 42, 2, NULL, '2017-01-13', 'Work Lunch', -6.5),
       (4, 24, 42, 2, NULL, '2017-01-14', 'Work Lunch', -7.32),
       (5, 24, 42, 2, NULL, '2017-01-14', 'Work Lunch', -5.5),
       (4, 24, 42, 2, NULL, '2017-01-15', 'Work Lunch', -6.5),
       (4, 24, 42, 2, NULL, '2017-01-18', 'Work Lunch', -7.32),
       (5, 24, 42, 2, NULL, '2017-01-18', 'Work Lunch', -5.5),
       (4, 24, 42, 2, NULL, '2017-01-18', 'Work Lunch', -6.5),
       (4, 24, 42, 2, NULL, '2017-01-19', 'Work Lunch', -7.32),
       (5, 24, 42, 2, NULL, '2017-01-20', 'Work Lunch', -5.5),
       (5, 24, 42, 2, NULL, '2017-01-21', 'Work Lunch', -6.5),
       (4, 24, 42, 2, NULL, '2017-01-21', 'Work Lunch', -7.32),
       (5, 24, 42, 2, NULL, '2017-01-22', 'Work Lunch', -5.5),
       (4, 24, 42, 2, NULL, '2017-01-25', 'Work Lunch', -6.5),
       (4, 24, 42, 2, NULL, '2017-01-26', 'Work Lunch', -7.32),
       (5, 24, 42, 2, NULL, '2017-01-27', 'Work Lunch', -5.5),
       (4, 24, 42, 2, NULL, '2017-01-27', 'Work Lunch', -6.5),
       (5, 24, 42, 2, NULL, '2017-01-28', 'Work Lunch', -7.32),
       (4, 24, 42, 2, NULL, '2017-01-28', 'Work Lunch', -5.5),
       (4, 24, 42, 2, NULL, '2017-01-29', 'Work Lunch', -6.5),
       (5, 24, 42, 2, NULL, '2017-01-29', 'Work Lunch', -7.32),
       (4, 24, 42, 2, NULL, '2017-02-01', 'Work Lunch', -5.5),
       (5, 24, 42, 2, NULL, '2017-02-02', 'Work Lunch', -6.5),
       (5, 24, 42, 2, NULL, '2017-02-03', 'Work Lunch', -7.32),
       (4, 24, 42, 2, NULL, '2017-02-04', 'Work Lunch', -5.5),
       (5, 24, 42, 2, NULL, '2017-02-05', 'Work Lunch', -6.5),
       (4, 24, 42, 2, NULL, '2017-02-05', 'Work Lunch', -7.32),
       (5, 24, 42, 2, NULL, '2017-02-09', 'Work Lunch', -5.5),
       (4, 24, 42, 2, NULL, '2017-02-10', 'Work Lunch', -6.5),
       (5, 24, 42, 2, NULL, '2017-02-10', 'Work Lunch', -7.32),
       (5, 24, 42, 2, NULL, '2017-02-11', 'Work Lunch', -5.5),
       (5, 24, 42, 2, NULL, '2017-02-12', 'Work Lunch', -6.5),
       (4, 24, 42, 2, NULL, '2017-02-16', 'Work Lunch', -7.32),
       (5, 24, 42, 2, NULL, '2017-02-17', 'Work Lunch', -5.5),
       (4, 24, 42, 2, NULL, '2017-02-17', 'Work Lunch', -6.5),
       (5, 24, 42, 2, NULL, '2017-02-18', 'Work Lunch', -7.32),
       (4, 24, 42, 2, NULL, '2017-02-19', 'Work Lunch', -5.5),
       (5, 24, 42, 2, NULL, '2017-02-22', 'Work Lunch', -6.5),
       (5, 24, 42, 2, NULL, '2017-02-23', 'Work Lunch', -7.32),
       (4, 24, 42, 2, NULL, '2017-02-23', 'Work Lunch', -5.5),
       (5, 24, 42, 2, NULL, '2017-02-24', 'Work Lunch', -6.5),
       (4, 24, 42, 2, NULL, '2017-02-24', 'Work Lunch', -7.32),
       (4, 24, 42, 2, NULL, '2017-02-25', 'Work Lunch', -5.5),
       (5, 24, 42, 2, NULL, '2017-02-26', 'Work Lunch', -6.5),
       (4, 24, 42, 2, NULL, '2017-02-26', 'Work Lunch', -7.32),
       (4, 24, 42, 2, NULL, '2017-02-28', 'Work Lunch', -5.5),
       (5, 24, 42, 2, NULL, '2017-03-01', 'Work Lunch', -6.5),
       (4, 24, 42, 2, NULL, '2017-03-01', 'Work Lunch', -7.32),
       (5, 24, 42, 2, NULL, '2017-03-02', 'Work Lunch', -5.5),
       (4, 24, 42, 2, NULL, '2017-03-03', 'Work Lunch', -6.5),
       (4, 24, 42, 2, NULL, '2017-03-04', 'Work Lunch', -7.32),
       (5, 24, 42, 2, NULL, '2017-03-07', 'Work Lunch', -5.5),
       (4, 24, 42, 2, NULL, '2017-03-07', 'Work Lunch', -6.5),
       (5, 24, 42, 2, NULL, '2017-03-08', 'Work Lunch', -7.32),
       (4, 24, 42, 2, NULL, '2017-03-09', 'Work Lunch', -5.5),
       (5, 24, 42, 2, NULL, '2017-03-10', 'Work Lunch', -6.5),
       (4, 24, 42, 2, NULL, '2017-03-10', 'Work Lunch', -7.32),
       (4, 24, 42, 2, NULL, '2017-03-11', 'Work Lunch', -5.5),
       (4, 24, 42, 2, NULL, '2017-03-14', 'Work Lunch', -6.5),
       (4, 24, 42, 2, NULL, '2017-03-15', 'Work Lunch', -7.32),
       (4, 24, 42, 2, NULL, '2017-03-16', 'Work Lunch', -5.5),
       (4, 24, 42, 2, NULL, '2017-03-17', 'Work Lunch', -6.5),
       (5, 24, 42, 2, NULL, '2017-03-17', 'Work Lunch', -7.32),
       (4, 24, 42, 2, NULL, '2017-03-18', 'Work Lunch', -5.5),
       (5, 24, 42, 2, NULL, '2017-03-18', 'Work Lunch', -6.5),
       (4, 24, 42, 2, NULL, '2017-03-21', 'Work Lunch', -7.32),
       (5, 24, 42, 2, NULL, '2017-03-21', 'Work Lunch', -5.5),
       (5, 24, 42, 2, NULL, '2017-03-22', 'Work Lunch', -6.5),
       (4, 24, 42, 2, NULL, '2017-03-23', 'Work Lunch', -7.32),
       (5, 24, 42, 2, NULL, '2017-03-23', 'Work Lunch', -5.5),
       (4, 24, 42, 2, NULL, '2017-03-24', 'Work Lunch', -6.5),
       (5, 24, 42, 2, NULL, '2017-03-24', 'Work Lunch', -7.32),
       (5, 24, 42, 2, NULL, '2017-03-25', 'Work Lunch', -5.5),
       (4, 24, 42, 2, NULL, '2017-03-25', 'Work Lunch', -6.5),
       (4, 24, 42, 2, NULL, '2017-03-28', 'Work Lunch', -7.32),
       (4, 24, 42, 2, NULL, '2017-03-29', 'Work Lunch', -5.5),
       (4, 24, 42, 2, NULL, '2017-03-31', 'Work Lunch', -6.5),
       (5, 24, 42, 2, NULL, '2017-03-31', 'Work Lunch', -7.32),
       (4, 24, 42, 2, NULL, '2017-03-31', 'Work Lunch', -5.5),
       (5, 24, 42, 2, NULL, '2017-04-01', 'Work Lunch', -6.5),
       (4, 24, 42, 2, NULL, '2017-04-01', 'Work Lunch', -7.32),
       (5, 24, 42, 2, NULL, '2017-04-04', 'Work Lunch', -5.5),
       (4, 24, 42, 2, NULL, '2017-04-04', 'Work Lunch', -6.5),
       (4, 24, 42, 2, NULL, '2017-04-05', 'Work Lunch', -7.32),
       (5, 24, 42, 2, NULL, '2017-04-05', 'Work Lunch', -5.5),
       (5, 24, 42, 2, NULL, '2017-04-06', 'Work Lunch', -6.5),
       (5, 24, 42, 2, NULL, '2017-04-07', 'Work Lunch', -7.32),
       (4, 24, 42, 2, NULL, '2017-04-07', 'Work Lunch', -5.5),
       (4, 24, 42, 2, NULL, '2017-04-08', 'Work Lunch', -6.5),
       (5, 24, 42, 2, NULL, '2017-04-08', 'Work Lunch', -7.32),
       (5, 24, 42, 2, NULL, '2017-04-11', 'Work Lunch', -5.5),
       (4, 24, 42, 2, NULL, '2017-04-11', 'Work Lunch', -6.5),
       (5, 24, 42, 2, NULL, '2017-04-11', 'Work Lunch', -7.32),
       (4, 24, 42, 2, NULL, '2017-04-12', 'Work Lunch', -5.5),
       (5, 24, 42, 2, NULL, '2017-04-15', 'Work Lunch', -6.5),
       (4, 24, 42, 2, NULL, '2017-04-15', 'Work Lunch', -7.32),
       (5, 24, 42, 2, NULL, '2017-04-18', 'Work Lunch', -5.5),
       (5, 24, 42, 2, NULL, '2017-04-19', 'Work Lunch', -6.5),
       (4, 24, 42, 2, NULL, '2017-04-19', 'Work Lunch', -7.32),
       (5, 24, 42, 2, NULL, '2017-04-20', 'Work Lunch', -5.5),
       (4, 24, 42, 2, NULL, '2017-04-20', 'Work Lunch', -6.5),
       (5, 24, 42, 2, NULL, '2017-04-21', 'Work Lunch', -7.32),
       (4, 24, 42, 2, NULL, '2017-04-22', 'Work Lunch', -5.5),
       (5, 24, 42, 2, NULL, '2017-04-22', 'Work Lunch', -6.5),
       (5, 24, 42, 2, NULL, '2017-04-25', 'Work Lunch', -7.32),
       (5, 24, 42, 2, NULL, '2017-04-26', 'Work Lunch', -5.5),
       (4, 24, 42, 2, NULL, '2017-04-27', 'Work Lunch', -6.5),
       (5, 24, 42, 2, NULL, '2017-04-27', 'Work Lunch', -7.32),
       (4, 24, 42, 2, NULL, '2017-04-28', 'Work Lunch', -5.5),
       (4, 24, 42, 2, NULL, '2017-04-29', 'Work Lunch', -6.5),
       (5, 24, 42, 2, NULL, '2017-04-29', 'Work Lunch', -7.32),
       (4, 24, 42, 2, NULL, '2017-05-02', 'Work Lunch', -5.5),
       (5, 24, 42, 2, NULL, '2017-05-03', 'Work Lunch', -6.5),
       (5, 24, 42, 2, NULL, '2017-05-05', 'Work Lunch', -7.32),
       (4, 24, 42, 2, NULL, '2017-05-05', 'Work Lunch', -5.5),
       (4, 24, 42, 2, NULL, '2017-05-06', 'Work Lunch', -6.5),
       (4, 24, 42, 2, NULL, '2017-05-09', 'Work Lunch', -7.32),
       (4, 24, 42, 2, NULL, '2017-05-10', 'Work Lunch', -5.5),
       (5, 24, 42, 2, NULL, '2017-05-13', 'Work Lunch', -6.5),
       (5, 24, 42, 2, NULL, '2017-05-16', 'Work Lunch', -7.32),
       (4, 24, 42, 2, NULL, '2017-05-17', 'Work Lunch', -5.5),
       (4, 24, 42, 2, NULL, '2017-05-19', 'Work Lunch', -6.5),
       (5, 24, 42, 2, NULL, '2017-05-20', 'Work Lunch', -7.32),
       (5, 24, 42, 2, NULL, '2017-05-23', 'Work Lunch', -5.5),
       (4, 24, 42, 2, NULL, '2017-05-23', 'Work Lunch', -6.5),
       (4, 24, 42, 2, NULL, '2017-05-24', 'Work Lunch', -7.32),
       (5, 24, 42, 2, NULL, '2017-05-24', 'Work Lunch', -5.5),
       (4, 24, 42, 2, NULL, '2017-05-25', 'Work Lunch', -6.5),
       (5, 24, 42, 2, NULL, '2017-05-26', 'Work Lunch', -7.32),
       (4, 24, 42, 2, NULL, '2017-05-31', 'Work Lunch', -5.5),
       (4, 24, 42, 2, NULL, '2017-06-01', 'Work Lunch', -6.5),
       (4, 24, 42, 2, NULL, '2017-06-02', 'Work Lunch', -7.32),
       (5, 24, 42, 2, NULL, '2017-06-02', 'Work Lunch', -5.5),
       (4, 24, 42, 2, NULL, '2017-06-03', 'Work Lunch', -6.5),
       (5, 24, 42, 2, NULL, '2017-06-06', 'Work Lunch', -7.32),
       (4, 24, 42, 2, NULL, '2017-06-07', 'Work Lunch', -5.5),
       (5, 24, 42, 2, NULL, '2017-06-07', 'Work Lunch', -6.5),
       (5, 24, 42, 2, NULL, '2017-06-09', 'Work Lunch', -7.32),
       (4, 24, 42, 2, NULL, '2017-06-10', 'Work Lunch', -5.5),
       (5, 24, 42, 2, NULL, '2017-06-10', 'Work Lunch', -6.5),
       (5, 24, 42, 2, NULL, '2017-06-13', 'Work Lunch', -7.32),
       (4, 24, 42, 2, NULL, '2017-06-13', 'Work Lunch', -5.5),
       (4, 24, 42, 2, NULL, '2017-06-14', 'Work Lunch', -6.5),
       (4, 24, 42, 2, NULL, '2017-06-15', 'Work Lunch', -7.32),
       (5, 24, 42, 2, NULL, '2017-06-15', 'Work Lunch', -5.5),
       (4, 24, 42, 2, NULL, '2017-06-16', 'Work Lunch', -6.5),
       (5, 24, 42, 2, NULL, '2017-06-17', 'Work Lunch', -7.32),
       (5, 24, 42, 2, NULL, '2017-06-20', 'Work Lunch', -5.5),
       (4, 24, 42, 2, NULL, '2017-06-20', 'Work Lunch', -6.5),
       (4, 24, 42, 2, NULL, '2017-06-21', 'Work Lunch', -7.32),
       (5, 24, 42, 2, NULL, '2017-06-22', 'Work Lunch', -5.5),
       (4, 24, 42, 2, NULL, '2017-06-22', 'Work Lunch', -6.5),
       (4, 24, 42, 2, NULL, '2017-06-24', 'Work Lunch', -7.32),
       (5, 24, 42, 2, NULL, '2017-06-24', 'Work Lunch', -5.5),
       (5, 24, 42, 2, NULL, '2017-06-27', 'Work Lunch', -6.5),
       (4, 24, 42, 2, NULL, '2017-06-27', 'Work Lunch', -7.32),
       (4, 24, 42, 2, NULL, '2017-06-28', 'Work Lunch', -5.5),
       (5, 24, 42, 2, NULL, '2017-06-28', 'Work Lunch', -6.5),
       (4, 24, 42, 2, NULL, '2017-06-28', 'Work Lunch', -7.32),
       (4, 24, 42, 2, NULL, '2017-06-29', 'Work Lunch', -5.5),
       (5, 24, 42, 2, NULL, '2017-06-29', 'Work Lunch', -6.5),
       (4, 24, 42, 2, NULL, '2017-06-30', 'Work Lunch', -7.32),
       (5, 24, 42, 2, NULL, '2017-06-30', 'Work Lunch', -6.5),
       (4, 24, 42, 2, NULL, '2017-06-30', 'Work Lunch', -7.32),
       (4, 24, 42, 2, NULL, '2018-03-31', 'Work Lunch', -5.5),
       (5, 24, 42, 2, NULL, '2018-04-02', 'Work Lunch', -6.5),
       (4, 24, 42, 2, NULL, '2018-04-03', 'Work Lunch', -7.32),
       (5, 24, 42, 2, NULL, '2018-04-07', 'Work Lunch', -5.5),
       (5, 24, 42, 2, NULL, '2018-09-09', 'Work Lunch', -6.5),
       (4, 24, 42, 2, NULL, '2018-09-16', 'Work Lunch', -7.32),
       (5, 24, 42, 2, NULL, '2018-09-17', 'Work Lunch', -5.5),
       (5, 24, 42, 2, NULL, '2018-09-18', 'Work Lunch', -6.5),
       (5, 24, 42, 2, NULL, '2018-09-23', 'Work Lunch', -7.32),
       (4, 24, 42, 2, NULL, '2018-09-23', 'Work Lunch', -5.5),
       (5, 24, 42, 2, NULL, '2018-09-28', 'Work Lunch', -6.5),
       (5, 24, 42, 2, NULL, '2018-09-29', 'Work Lunch', -7.32),
       (4, 24, 42, 2, NULL, '2018-09-30', 'Work Lunch', -5.5),
       (5, 24, 42, 2, NULL, '2018-10-01', 'Work Lunch', -6.5),
       (5, 24, 42, 2, NULL, '2018-10-02', 'Work Lunch', -7.32),
       (4, 24, 42, 2, NULL, '2018-10-06', 'Work Lunch', -5.5),
       (5, 24, 42, 2, NULL, '2018-10-07', 'Work Lunch', -6.5),
       (4, 24, 42, 2, NULL, '2018-10-07', 'Work Lunch', -7.32),
       (4, 24, 42, 2, NULL, '2018-10-08', 'Work Lunch', -5.5),
       (5, 24, 42, 2, NULL, '2018-10-08', 'Work Lunch', -6.5),
       (4, 24, 42, 2, NULL, '2018-10-09', 'Work Lunch', -7.32),
       (4, 24, 42, 2, NULL, '2018-10-12', 'Work Lunch', -5.5),
       (4, 24, 42, 2, NULL, '2018-10-13', 'Work Lunch', -6.5),
       (4, 24, 42, 2, NULL, '2018-10-14', 'Work Lunch', -7.32),
       (5, 24, 42, 2, NULL, '2018-10-15', 'Work Lunch', -5.5),
       (4, 24, 42, 2, NULL, '2018-10-16', 'Work Lunch', -6.5),
       (4, 24, 42, 2, NULL, '2018-10-19', 'Work Lunch', -7.32),
       (5, 24, 42, 2, NULL, '2018-10-20', 'Work Lunch', -5.5),
       (4, 24, 42, 2, NULL, '2018-10-20', 'Work Lunch', -6.5),
       (5, 24, 42, 2, NULL, '2018-10-21', 'Work Lunch', -7.32),
       (4, 24, 42, 2, NULL, '2018-10-22', 'Work Lunch', -5.5),
       (5, 24, 42, 2, NULL, '2018-10-22', 'Work Lunch', -6.5),
       (4, 24, 42, 2, NULL, '2018-10-22', 'Work Lunch', -7.32),
       (4, 24, 42, 2, NULL, '2018-10-23', 'Work Lunch', -5.5),
       (5, 24, 42, 2, NULL, '2018-10-26', 'Work Lunch', -6.5),
       (4, 24, 42, 2, NULL, '2018-10-27', 'Work Lunch', -7.32),
       (5, 24, 42, 2, NULL, '2018-10-28', 'Work Lunch', -5.5),
       (4, 24, 42, 2, NULL, '2018-10-28', 'Work Lunch', -6.5),
       (4, 24, 42, 2, NULL, '2018-10-29', 'Work Lunch', -7.32),
       (5, 24, 42, 2, NULL, '2018-10-30', 'Work Lunch', -5.5),
       (4, 24, 42, 2, NULL, '2018-11-02', 'Work Lunch', -6.5),
       (5, 24, 42, 2, NULL, '2018-11-03', 'Work Lunch', -7.32),
       (4, 24, 42, 2, NULL, '2018-11-04', 'Work Lunch', -5.5),
       (5, 24, 42, 2, NULL, '2018-11-04', 'Work Lunch', -6.5),
       (4, 24, 42, 2, NULL, '2018-11-05', 'Work Lunch', -7.32),
       (4, 24, 42, 2, NULL, '2018-11-06', 'Work Lunch', -5.5),
       (5, 24, 42, 2, NULL, '2018-11-09', 'Work Lunch', -6.5),
       (4, 24, 42, 2, NULL, '2018-11-11', 'Work Lunch', -7.32),
       (5, 24, 42, 2, NULL, '2018-11-12', 'Work Lunch', -5.5),
       (5, 24, 42, 2, NULL, '2018-11-13', 'Work Lunch', -6.5),
       (4, 24, 42, 2, NULL, '2018-11-13', 'Work Lunch', -7.32),
       (5, 24, 42, 2, NULL, '2018-11-16', 'Work Lunch', -5.5),
       (5, 24, 42, 2, NULL, '2018-11-18', 'Work Lunch', -6.5),
       (4, 24, 42, 2, NULL, '2018-11-18', 'Work Lunch', -7.32),
       (5, 24, 42, 2, NULL, '2018-11-19', 'Work Lunch', -5.5),
       (4, 24, 42, 2, NULL, '2018-11-20', 'Work Lunch', -6.5),
       (5, 24, 42, 2, NULL, '2018-11-20', 'Work Lunch', -7.32),
       (5, 24, 42, 2, NULL, '2018-11-23', 'Work Lunch', -5.5),
       (4, 24, 42, 2, NULL, '2018-11-23', 'Work Lunch', -6.5),
       (4, 24, 42, 2, NULL, '2018-11-24', 'Work Lunch', -7.32),
       (5, 24, 42, 2, NULL, '2018-11-24', 'Work Lunch', -5.5),
       (4, 24, 42, 2, NULL, '2018-12-02', 'Work Lunch', -6.5),
       (5, 24, 42, 2, NULL, '2018-12-03', 'Work Lunch', -7.32),
       (4, 24, 42, 2, NULL, '2018-12-07', 'Work Lunch', -5.5),
       (4, 24, 42, 2, NULL, '2018-12-17', 'Work Lunch', -6.5),
       (5, 24, 42, 2, NULL, '2018-12-21', 'Work Lunch', -7.32),
       (4, 24, 42, 2, NULL, '2018-12-22', 'Work Lunch', -5.5),
       (5, 24, 42, 2, NULL, '2018-12-23', 'Work Lunch', -6.5),
       (4, 24, 42, 2, NULL, '2018-12-28', 'Work Lunch', -7.32);
